是微服务架构不香还是云不香？,2023-05-08T17:52:06+08:00,https://coolshell.cn/articles/22422.html
我看ChatGPT: 为啥谷歌掉了千亿美金,2023-02-12T00:31:16+08:00,https://coolshell.cn/articles/22398.html
聊聊 nostr 和 审查,2023-02-03T15:46:13+08:00,https://coolshell.cn/articles/22367.html
感染新冠的经历,2022-12-13T15:39:39+08:00,https://coolshell.cn/articles/22341.html
eBPF 介绍,2022-12-10T10:38:51+08:00,https://coolshell.cn/articles/22320.html
聊聊团队协同和协同工具,2022-10-14T12:20:38+08:00,https://coolshell.cn/articles/22298.html
从一次经历谈 TIME_WAIT 的那些事,2022-07-19T14:43:39+08:00,https://coolshell.cn/articles/22263.html
ETCD的内存问题,2022-05-05T16:13:37+08:00,https://coolshell.cn/articles/22242.html
“一把梭：REST API 全用 POST”,2022-02-13T12:28:47+08:00,https://coolshell.cn/articles/22173.html
谈谈公司对员工的监控,2022-02-12T15:50:06+08:00,https://coolshell.cn/articles/22157.html
网络数字身份认证术,2022-01-02T16:38:13+08:00,https://coolshell.cn/articles/21708.html
我做系统架构的一些原则,2021-12-21T15:46:41+08:00,https://coolshell.cn/articles/21672.html
源代码特洛伊木马攻击,2021-11-19T17:02:46+08:00,https://coolshell.cn/articles/21649.html
Go编程模式 ： 泛型编程,2021-09-04T13:44:02+08:00,https://coolshell.cn/articles/21615.html
如何做一个有质量的技术分享,2021-07-13T13:00:46+08:00,https://coolshell.cn/articles/21589.html
Go 编程模式：k8s Visitor 模式,2020-12-26T19:25:46+08:00,https://coolshell.cn/articles/21263.html
Go编程模式：Pipeline,2020-12-26T17:04:59+08:00,https://coolshell.cn/articles/21228.html
Go编程模式：委托和反转控制,2020-12-26T16:57:48+08:00,https://coolshell.cn/articles/21214.html
Go 编程模式：Go Generation,2020-12-25T17:06:36+08:00,https://coolshell.cn/articles/21179.html
Go编程模式：Map-Reduce,2020-12-24T15:13:52+08:00,https://coolshell.cn/articles/21164.html
Go 编程模式：Functional Options,2020-12-22T23:23:52+08:00,https://coolshell.cn/articles/21146.html
Go 编程模式：错误处理,2020-12-22T18:19:30+08:00,https://coolshell.cn/articles/21140.html
Go编程模式：切片，接口，时间和性能,2020-12-18T15:36:30+08:00,https://coolshell.cn/articles/21128.html
百度为什么掉队了,2020-12-16T18:46:17+08:00,https://coolshell.cn/articles/21113.html
程序员如何把控自己的职业,2020-08-07T17:31:29+08:00,https://coolshell.cn/articles/20977.html
计时攻击 Timing Attacks,2020-07-05T13:26:52+08:00,https://coolshell.cn/articles/21003.html
Rust语言的编程范式,2020-04-04T14:48:23+08:00,https://coolshell.cn/articles/20845.html
与程序员相关的CPU缓存知识,2020-03-01T19:43:41+08:00,https://coolshell.cn/articles/20793.html
MegaEase的远程工作文化,2020-01-31T15:23:18+08:00,https://coolshell.cn/articles/20765.html
使用简单的逻辑方法进行独立思考,2019-12-26T22:46:53+08:00,https://coolshell.cn/articles/20533.html
别让自己“墙”了自己,2019-12-01T11:10:21+08:00,https://coolshell.cn/articles/20276.html
Unix 50 年：Ken Thompson 的密码,2019-11-03T14:12:54+08:00,https://coolshell.cn/articles/19996.html
HTTP的前世今生,2019-10-01T19:21:10+08:00,https://coolshell.cn/articles/19840.html
50年前的登月程序和程序员有多硬核,2019-07-21T19:00:30+08:00,https://coolshell.cn/articles/19612.html
如何超过大多数人,2019-06-22T13:47:57+08:00,https://coolshell.cn/articles/19464.html
HTTP API 认证授权术,2019-05-09T21:37:29+08:00,https://coolshell.cn/articles/19395.html
StackOverflow 2019 程序员调查,2019-04-21T12:29:13+08:00,https://coolshell.cn/articles/19307.html
“努力就会成功”,2019-04-17T09:12:27+08:00,https://coolshell.cn/articles/19271.html
打造高效的工作环境 – Shell 篇,2019-03-17T13:53:01+08:00,https://coolshell.cn/articles/19219.html
谈谈我的“三观”,2019-02-26T16:02:07+08:00,https://coolshell.cn/articles/19085.html
记一次Kubernetes/Docker网络排障,2018-12-08T11:57:35+08:00,https://coolshell.cn/articles/18654.html
程序员练级攻略（2018) 与我的专栏,2018-05-29T12:38:23+08:00,https://coolshell.cn/articles/18360.html
关于我”极客时间“的专栏,2018-01-02T16:56:11+08:00,https://coolshell.cn/articles/18246.html
Go语言、Docker 和新技术,2017-10-30T09:24:20+08:00,https://coolshell.cn/articles/18190.html
关于Facebook 的 React 专利许可证,2017-09-19T14:08:00+08:00,https://coolshell.cn/articles/18140.html
如何免费的让网站启用HTTPS,2017-08-26T14:06:17+08:00,https://coolshell.cn/articles/18094.html
API设计原则 – Qt官网的设计实践总结,2017-07-25T14:16:30+08:00,https://coolshell.cn/articles/18024.html
Linux PID 1 和 Systemd,2017-07-16T21:40:55+08:00,https://coolshell.cn/articles/17998.html
我看绩效考核,2017-07-09T18:03:00+08:00,https://coolshell.cn/articles/17972.html
Go编程模式：修饰器,2017-06-01T16:48:15+08:00,https://coolshell.cn/articles/17929.html
如何重构“箭头型”代码,2017-04-05T18:07:14+08:00,https://coolshell.cn/articles/17757.html
AWS 的 S3 故障回顾和思考,2017-03-03T14:20:03+08:00,https://coolshell.cn/articles/17737.html
从Gitlab误删除数据库想到的,2017-02-02T16:11:28+08:00,https://coolshell.cn/articles/17680.html
Chrome开发者工具的小技巧,2017-01-19T20:25:55+08:00,https://coolshell.cn/articles/17634.html
从 MongoDB “赎金事件” 看安全问题,2017-01-07T17:11:28+08:00,https://coolshell.cn/articles/17607.html
技术人员的发展之路,2016-12-28T12:29:25+08:00,https://coolshell.cn/articles/17583.html
如何读懂并写出装逼的函数式代码,2016-10-23T17:56:29+08:00,https://coolshell.cn/articles/17524.html
什么是工程师文化？,2016-09-18T16:23:11+08:00,https://coolshell.cn/articles/17497.html
关于高可用的系统,2016-08-21T12:34:53+08:00,https://coolshell.cn/articles/17459.html
这多年来我一直在钻研的技术,2016-08-18T18:55:17+08:00,https://coolshell.cn/articles/17446.html
缓存更新的套路,2016-07-27T16:25:28+08:00,https://coolshell.cn/articles/17416.html
为什么我不在微信公众号上写文章,2016-07-11T09:08:40+08:00,https://coolshell.cn/articles/17391.html
性能测试应该怎么做？,2016-07-06T01:03:26+08:00,https://coolshell.cn/articles/17381.html
让我们来谈谈分工,2015-12-13T12:55:52+08:00,https://coolshell.cn/articles/17295.html
Cuckoo Filter：设计与实现,2015-09-02T09:18:54+08:00,https://coolshell.cn/articles/17225.html
Docker基础技术：DeviceMapper,2015-08-26T08:21:09+08:00,https://coolshell.cn/articles/17200.html
Docker基础技术：AUFS,2015-08-24T08:01:13+08:00,https://coolshell.cn/articles/17061.html
Docker基础技术：Linux CGroup,2015-04-17T09:03:57+08:00,https://coolshell.cn/articles/17049.html
Docker基础技术：Linux Namespace（上）,2015-04-16T10:20:08+08:00,https://coolshell.cn/articles/17010.html
Docker基础技术：Linux Namespace（下）,2015-04-16T10:19:23+08:00,https://coolshell.cn/articles/17029.html
关于移动端的钓鱼式攻击,2015-04-14T08:13:23+08:00,https://coolshell.cn/articles/17066.html
Linus：为何对象引用计数必须是原子的,2014-12-31T09:59:33+08:00,https://coolshell.cn/articles/16910.html
DHH 谈混合移动应用开发,2014-12-15T10:57:20+08:00,https://coolshell.cn/articles/12225.html
HTML6 展望,2014-12-06T12:41:34+08:00,https://coolshell.cn/articles/12206.html
Google Inbox如何跨平台重用代码？,2014-11-26T08:03:17+08:00,https://coolshell.cn/articles/12136.html
vfork 挂掉的一个问题,2014-11-21T00:48:27+08:00,https://coolshell.cn/articles/12103.html
Leetcode 编程训练,2014-10-23T10:51:54+08:00,https://coolshell.cn/articles/12052.html
State Threads 回调终结者,2014-10-12T22:48:57+08:00,https://coolshell.cn/articles/12012.html
bash代码注入的安全漏洞,2014-09-28T07:56:46+08:00,https://coolshell.cn/articles/11973.html
互联网之子 – Aaron Swartz,2014-09-08T00:26:08+08:00,https://coolshell.cn/articles/11928.html
谜题的答案和活动的心得体会,2014-08-06T07:47:50+08:00,https://coolshell.cn/articles/11847.html
【活动】解迷题送礼物,2014-08-03T18:52:14+08:00,https://coolshell.cn/articles/11832.html
开发团队的效率,2014-06-09T09:06:11+08:00,https://coolshell.cn/articles/11656.html
TCP 的那些事儿（下）,2014-05-28T08:20:32+08:00,https://coolshell.cn/articles/11609.html
TCP 的那些事儿（上）,2014-05-28T08:15:36+08:00,https://coolshell.cn/articles/11564.html
「我只是认真」聊聊工匠情怀,2014-05-26T11:20:55+08:00,https://coolshell.cn/articles/11629.html
面向GC的Java编程,2014-05-07T11:24:38+08:00,https://coolshell.cn/articles/11541.html
C语言的整型溢出问题,2014-04-21T08:18:01+08:00,https://coolshell.cn/articles/11466.html
从LongAdder看更高效的无锁实现,2014-04-17T23:11:40+08:00,https://coolshell.cn/articles/11454.html
从Code Review 谈如何做技术,2014-04-12T16:28:01+08:00,https://coolshell.cn/articles/11432.html
分布式系统的事务处理,2014-01-20T11:08:16+08:00,https://coolshell.cn/articles/10910.html
函数式编程,2013-12-27T08:11:03+08:00,https://coolshell.cn/articles/10822.html
X-Y Problem,2013-12-16T10:22:37+08:00,https://coolshell.cn/articles/10804.html
Lua简明教程,2013-12-03T08:29:06+08:00,https://coolshell.cn/articles/10739.html
编程能力与编程年龄,2013-11-13T08:21:45+08:00,https://coolshell.cn/articles/10688.html
程序的本质复杂性和元语言抽象,2013-10-31T08:00:09+08:00,https://coolshell.cn/articles/10652.html
二维码的生成细节和原理,2013-10-29T08:32:35+08:00,https://coolshell.cn/articles/10590.html
伙伴分配器的一个极简实现,2013-10-09T23:10:42+08:00,https://coolshell.cn/articles/10427.html
C++11的Lambda使用一例：华容道求解,2013-10-09T15:50:21+08:00,https://coolshell.cn/articles/10476.html
C++面试中string类的一种正确写法,2013-10-09T15:40:38+08:00,https://coolshell.cn/articles/10478.html
C++模板”>>”编译问题与词法消歧设计,2013-10-02T18:47:36+08:00,https://coolshell.cn/articles/10449.html
数据即代码：元驱动编程,2013-08-09T10:18:31+08:00,https://coolshell.cn/articles/10337.html
数据的游戏：冰与火,2013-07-31T08:11:17+08:00,https://coolshell.cn/articles/10192.html
7个示例科普CPU Cache,2013-07-30T09:05:38+08:00,https://coolshell.cn/articles/10249.html
加班与效率,2013-07-24T08:28:10+08:00,https://coolshell.cn/articles/10217.html
类型的本质和函数式实现,2013-07-22T19:46:00+08:00,https://coolshell.cn/articles/10169.html
C语言全局变量那些事儿,2013-07-21T21:16:33+08:00,https://coolshell.cn/articles/10115.html
二叉树迭代器算法,2013-07-14T11:08:23+08:00,https://coolshell.cn/articles/9886.html
Alan Cox：大教堂、市集与市议会,2013-07-08T15:42:27+08:00,https://coolshell.cn/articles/9917.html
IoC/DIP其实是一种管理思想,2013-07-05T08:44:03+08:00,https://coolshell.cn/articles/9949.html
Alan Cox：单向链表中prev指针的妙用,2013-06-30T12:27:04+08:00,https://coolshell.cn/articles/9859.html
Javascript 装载和执行,2013-06-05T08:31:06+08:00,https://coolshell.cn/articles/9749.html
无锁HashMap的原理与实现,2013-05-30T21:31:20+08:00,https://coolshell.cn/articles/9703.html
浏览器的渲染原理简介,2013-05-22T08:17:47+08:00,https://coolshell.cn/articles/9666.html
疫苗：Java HashMap的死循环,2013-05-10T08:12:12+08:00,https://coolshell.cn/articles/9606.html
“C++的数组不支持多态”？,2013-04-29T16:17:40+08:00,https://coolshell.cn/articles/9543.html
Unix考古记：一个“遗失”的shell,2013-04-26T22:29:56+08:00,https://coolshell.cn/articles/9410.html
PFIF网上寻人协议,2013-04-22T00:20:16+08:00,https://coolshell.cn/articles/9508.html
“作环保的程序员，从不用百度开始”,2013-03-23T21:47:20+08:00,https://coolshell.cn/articles/9308.html
《Rework》摘录及感想,2013-03-11T08:25:34+08:00,https://coolshell.cn/articles/9156.html
实例分析Java Class的文件结构,2013-03-05T23:28:51+08:00,https://coolshell.cn/articles/9229.html
并发框架Disruptor译文,2013-02-28T20:13:46+08:00,https://coolshell.cn/articles/9169.html
sed 简明教程,2013-02-20T08:36:48+08:00,https://coolshell.cn/articles/9104.html
AWK 简明教程,2013-02-17T08:38:29+08:00,https://coolshell.cn/articles/9070.html
Linus：利用二级指针删除单向链表,2013-02-04T08:33:20+08:00,https://coolshell.cn/articles/8990.html
从面向对象的设计模式看软件设计,2013-02-01T08:15:59+08:00,https://coolshell.cn/articles/8961.html
应该知道的Linux技巧,2013-01-09T08:24:29+08:00,https://coolshell.cn/articles/8883.html
程序算法与人生选择,2012-12-28T09:00:50+08:00,https://coolshell.cn/articles/8790.html
Web工程师的工具箱,2012-12-19T00:04:43+08:00,https://coolshell.cn/articles/8767.html
如此理解面向对象编程,2012-12-13T08:19:28+08:00,https://coolshell.cn/articles/8745.html
程序员疫苗：代码注入,2012-12-10T08:34:48+08:00,https://coolshell.cn/articles/8711.html
你可能不知道的Shell,2012-11-23T08:19:24+08:00,https://coolshell.cn/articles/8619.html
如何测试洗牌程序,2012-11-20T08:22:07+08:00,https://coolshell.cn/articles/8593.html
Go 语言简介（下）— 特性,2012-11-07T08:17:20+08:00,https://coolshell.cn/articles/8489.html
Go 语言简介（上）— 语法,2012-11-06T08:27:48+08:00,https://coolshell.cn/articles/8460.html
TF-IDF模型的概率解释,2012-10-24T09:05:54+08:00,https://coolshell.cn/articles/8422.html
xkcd 神图“Click and Drag”,2012-10-16T08:15:44+08:00,https://coolshell.cn/articles/8398.html
Bret Victor – Learnable Programming,2012-10-14T16:37:04+08:00,https://coolshell.cn/articles/8387.html
C/C++语言中闭包的探究及比较,2012-09-20T08:17:07+08:00,https://coolshell.cn/articles/8309.html
对九个超级程序员的采访,2012-09-14T08:29:54+08:00,https://coolshell.cn/articles/8275.html
无锁队列的实现,2012-09-07T08:26:55+08:00,https://coolshell.cn/articles/8239.html
“单元测试要做多细？”,2012-09-03T08:13:31+08:00,https://coolshell.cn/articles/8209.html
一次Ajax查错的经历,2012-08-27T14:56:59+08:00,https://coolshell.cn/articles/8170.html
为什么我反对纯算法面试题,2012-08-22T08:20:18+08:00,https://coolshell.cn/articles/8138.html
GCC 用 C++ 来编译,2012-08-20T08:40:04+08:00,https://coolshell.cn/articles/8115.html
K Nearest Neighbor 算法,2012-08-17T08:15:30+08:00,https://coolshell.cn/articles/8052.html
对技术的态度,2012-08-16T23:50:25+08:00,https://coolshell.cn/articles/8088.html
InfoQ的ArchSummit大会对我的采访,2012-08-12T16:02:28+08:00,https://coolshell.cn/articles/8031.html
C++的坑真的多吗？,2012-08-06T08:12:05+08:00,https://coolshell.cn/articles/7992.html
一个fork的面试题,2012-08-01T08:20:46+08:00,https://coolshell.cn/articles/7965.html
各式各样的验证码,2012-07-19T08:32:09+08:00,https://coolshell.cn/articles/7917.html
代码执行的效率,2012-07-13T08:18:32+08:00,https://coolshell.cn/articles/7886.html
28个Unix/Linux的命令行神器,2012-07-11T08:10:11+08:00,https://coolshell.cn/articles/7829.html
少即是极多,2012-07-05T08:12:25+08:00,https://coolshell.cn/articles/7771.html
关于闰秒,2012-06-30T17:16:34+08:00,https://coolshell.cn/articles/7804.html
K-Means 算法,2012-06-29T08:24:02+08:00,https://coolshell.cn/articles/7779.html
持续部署，并不简单！,2012-06-25T08:20:08+08:00,https://coolshell.cn/articles/7657.html
Git显示漂亮日志的小技巧,2012-06-24T23:29:05+08:00,https://coolshell.cn/articles/7755.html
性能调优攻略,2012-06-20T09:24:53+08:00,https://coolshell.cn/articles/7490.html
抄袭，腾讯 和 产品,2012-06-13T08:35:31+08:00,https://coolshell.cn/articles/7617.html
Lisp的永恒之道,2012-06-04T08:58:46+08:00,https://coolshell.cn/articles/7526.html
Javascript 中的 var,2012-05-24T14:50:31+08:00,https://coolshell.cn/articles/7480.html
Huffman 编码压缩算法,2012-05-22T13:32:05+08:00,https://coolshell.cn/articles/7459.html
扎克伯格的一封信：关于Facebook IPO,2012-05-19T11:01:21+08:00,https://coolshell.cn/articles/7448.html
rsync 的核心算法,2012-05-17T08:25:38+08:00,https://coolshell.cn/articles/7425.html
NoSQL 数据建模技术,2012-05-15T08:22:13+08:00,https://coolshell.cn/articles/7270.html
用Unix的设计思想来应对多变的需求,2012-05-03T08:14:20+08:00,https://coolshell.cn/articles/7236.html
做个环保主义的程序员,2012-04-27T08:26:44+08:00,https://coolshell.cn/articles/7186.html
游戏：VIM大冒险,2012-04-26T08:22:22+08:00,https://coolshell.cn/articles/7166.html
这到底是谁之错？,2012-04-19T10:11:05+08:00,https://coolshell.cn/articles/7126.html
挑战无处不在,2012-04-17T10:06:16+08:00,https://coolshell.cn/articles/7048.html
我们需要专职的QA吗？,2012-04-11T08:48:59+08:00,https://coolshell.cn/articles/6994.html
谈谈数据安全和云存储,2012-04-09T08:33:22+08:00,https://coolshell.cn/articles/6976.html
需求变化与IoC,2012-03-26T11:01:07+08:00,https://coolshell.cn/articles/6950.html
神奇的CSS形状,2012-03-24T20:35:41+08:00,https://coolshell.cn/articles/6913.html
CSS 布局:40个教程、技巧、例子和最佳实践,2012-03-19T08:25:46+08:00,https://coolshell.cn/articles/6840.html
多版本并发控制(MVCC)在分布式系统中的应用,2012-03-13T08:36:53+08:00,https://coolshell.cn/articles/6790.html
Bret Victor – Inventing on Principle,2012-03-09T08:38:48+08:00,https://coolshell.cn/articles/6775.html
理解Javascript的闭包,2012-03-07T08:30:43+08:00,https://coolshell.cn/articles/6731.html
再谈javascript面向对象编程,2012-02-27T08:25:13+08:00,https://coolshell.cn/articles/6668.html
千万别惹程序员,2012-02-21T07:54:57+08:00,https://coolshell.cn/articles/6639.html
Why C++ ? 王者归来,2012-02-02T08:22:57+08:00,https://coolshell.cn/articles/6548.html
软件开发的“三重门”,2012-01-30T11:00:50+08:00,https://coolshell.cn/articles/6526.html
由12306.cn谈谈网站性能技术,2012-01-16T08:20:22+08:00,https://coolshell.cn/articles/6470.html
Javascript 面向对象编程,2012-01-09T08:16:27+08:00,https://coolshell.cn/articles/6441.html
Hash Collision DoS 问题,2012-01-06T08:36:05+08:00,https://coolshell.cn/articles/6424.html
Resin服务器getResource揭秘,2012-01-05T08:28:59+08:00,https://coolshell.cn/articles/6335.html
程序员因为女孩而美丽！,2012-01-04T08:29:08+08:00,https://coolshell.cn/articles/6346.html
一个女程序员的故事,2011-12-30T10:25:02+08:00,https://coolshell.cn/articles/6312.html
由一个问题到 Resin ClassLoader 的学习,2011-12-28T12:22:55+08:00,https://coolshell.cn/articles/6112.html
CSDN明文口令泄露的启示,2011-12-22T12:08:27+08:00,https://coolshell.cn/articles/6193.html
三个事和三个问题,2011-12-20T08:39:41+08:00,https://coolshell.cn/articles/6142.html
Web开发中需要了解的东西,2011-12-07T08:29:49+08:00,https://coolshell.cn/articles/6043.html
一些有意思的算法代码,2011-11-29T11:11:07+08:00,https://coolshell.cn/articles/6010.html
如何设计“找回用户帐号”功能,2011-11-28T08:34:30+08:00,https://coolshell.cn/articles/5987.html
腾讯帐号申诉的用户体验,2011-11-25T08:27:09+08:00,https://coolshell.cn/articles/5966.html
一些文章资源和趣闻,2011-11-24T12:39:04+08:00,https://coolshell.cn/articles/5537.html
腾讯，竞争力 和 用户体验,2011-11-22T08:29:24+08:00,https://coolshell.cn/articles/5901.html
来信， 创业 和 移动互联网,2011-11-15T08:31:21+08:00,https://coolshell.cn/articles/5815.html
千万别用MongoDB？真的吗？！,2011-11-10T08:28:26+08:00,https://coolshell.cn/articles/5826.html
SteveY对Amazon和Google平台的吐槽,2011-11-03T09:19:12+08:00,https://coolshell.cn/articles/5701.html
深入理解C语言,2011-11-01T08:26:38+08:00,https://coolshell.cn/articles/5761.html
API设计：用流畅接口构造内部DSL,2011-10-31T08:28:47+08:00,https://coolshell.cn/articles/5709.html
多些时间能少写些代码,2011-10-25T08:24:44+08:00,https://coolshell.cn/articles/5686.html
Stay Hungry, Stay Foolish ！！,2011-10-20T08:26:50+08:00,https://coolshell.cn/articles/5651.html
Test-Driven Development？别逗了,2011-10-17T08:38:15+08:00,https://coolshell.cn/articles/5531.html
“品质在于构建过程”吗？,2011-10-16T13:16:55+08:00,https://coolshell.cn/articles/5625.html
那些曾伴我走过编程之路的软件,2011-10-14T13:58:40+08:00,https://coolshell.cn/articles/5576.html
如果你看不见你还能编程吗？,2011-09-21T08:26:58+08:00,https://coolshell.cn/articles/5514.html
一些文章和各种资源,2011-09-20T08:32:52+08:00,https://coolshell.cn/articles/5224.html
给程序员的VIM速查卡,2011-09-16T09:07:05+08:00,https://coolshell.cn/articles/5479.html
千万不要把 bool 设计成函数参数,2011-09-08T15:35:18+08:00,https://coolshell.cn/articles/5444.html
简明 Vim 练级攻略,2011-09-07T08:27:26+08:00,https://coolshell.cn/articles/5426.html
C语言中史上最愚蠢的Bug,2011-08-26T10:17:48+08:00,https://coolshell.cn/articles/5388.html
你会做Web上的用户登录功能吗？,2011-08-25T08:48:48+08:00,https://coolshell.cn/articles/5353.html
弱爆程序员的特征值,2011-08-23T10:04:06+08:00,https://coolshell.cn/articles/5292.html
C++11 中值得关注的几大变化（详解）,2011-08-19T08:43:59+08:00,https://coolshell.cn/articles/5265.html
国内微博和Twitter的最大不同,2011-08-17T08:34:04+08:00,https://coolshell.cn/articles/5247.html
重构代码的7个阶段,2011-08-16T08:42:35+08:00,https://coolshell.cn/articles/5201.html
对象的消息模型,2011-08-15T10:37:13+08:00,https://coolshell.cn/articles/5202.html
CSS图形,2011-08-15T08:21:50+08:00,https://coolshell.cn/articles/5164.html
PHP分页技术的代码和示例,2011-08-14T14:49:22+08:00,https://coolshell.cn/articles/5160.html
在新浪微博上关于敏捷的一些讨论,2011-08-12T08:22:58+08:00,https://coolshell.cn/articles/5143.html
疯狂的 Web 应用开源项目,2011-08-11T08:40:12+08:00,https://coolshell.cn/articles/5132.html
10大经典错误,2011-08-08T08:37:36+08:00,https://coolshell.cn/articles/5107.html
10个必需的iOS开发工具和资源,2011-08-02T08:40:11+08:00,https://coolshell.cn/articles/5089.html
你确信你了解时间吗？,2011-08-01T08:25:59+08:00,https://coolshell.cn/articles/5075.html
面向对象的Shell脚本,2011-07-21T12:39:11+08:00,https://coolshell.cn/articles/5035.html
为什么Scrum不行？,2011-07-21T08:37:03+08:00,https://coolshell.cn/articles/5044.html
程序员技术练级攻略,2011-07-18T10:31:22+08:00,https://coolshell.cn/articles/4990.html
给程序员新手的一些建议,2011-07-12T08:37:49+08:00,https://coolshell.cn/articles/4976.html
软件公司的两种管理方式,2011-07-06T08:36:43+08:00,https://coolshell.cn/articles/4951.html
Quora使用到的技术,2011-07-04T08:35:37+08:00,https://coolshell.cn/articles/4939.html
语言的数据亲和力,2011-06-29T08:10:44+08:00,https://coolshell.cn/articles/4905.html
新浪微博的XSS攻击,2011-06-28T23:10:18+08:00,https://coolshell.cn/articles/4914.html
在函数外存取局部变量的一个比喻,2011-06-28T11:35:52+08:00,https://coolshell.cn/articles/4907.html
Bob大叔和Jim Coplien对TDD的论战,2011-06-27T08:41:23+08:00,https://coolshell.cn/articles/4891.html
排序算法 Sleep Sort,2011-06-23T08:43:18+08:00,https://coolshell.cn/articles/4883.html
一个空格引发的惨剧,2011-06-20T08:26:34+08:00,https://coolshell.cn/articles/4875.html
“另类” 设计模式,2011-06-16T08:46:28+08:00,https://coolshell.cn/articles/4844.html
GNU/Linux下有多少是GNU的？,2011-06-13T08:25:42+08:00,https://coolshell.cn/articles/4826.html
软件真的好难做啊,2011-06-10T08:45:17+08:00,https://coolshell.cn/articles/4811.html
开源中最好的Web开发的资源,2011-06-08T08:28:52+08:00,https://coolshell.cn/articles/4795.html
HTTP幂等性概念和应用,2011-06-07T08:49:01+08:00,https://coolshell.cn/articles/4787.html
如何写出无法维护的代码,2011-06-03T08:52:42+08:00,https://coolshell.cn/articles/4758.html
在Web上运行Linux,2011-05-19T08:35:08+08:00,https://coolshell.cn/articles/4722.html
Python 和 PyGame 的一些示例,2011-05-18T08:43:58+08:00,https://coolshell.cn/articles/4710.html
可视化的数据结构和算法,2011-05-04T14:26:46+08:00,https://coolshell.cn/articles/4671.html
狗日的开源软件许可证,2011-05-04T08:25:17+08:00,https://coolshell.cn/articles/4657.html
读书笔记：对线程模型的批评,2011-05-03T10:23:27+08:00,https://coolshell.cn/articles/4626.html
Amazon的书为什么卖到了$2000万,2011-04-28T12:41:41+08:00,https://coolshell.cn/articles/4605.html
关于Amazon云宕机的网贴收集,2011-04-27T22:49:07+08:00,https://coolshell.cn/articles/4601.html
Linux 2.6.39-rc3的一个插曲,2011-04-27T08:39:26+08:00,https://coolshell.cn/articles/4576.html
对程序员职业的一些建议,2011-04-26T13:29:44+08:00,https://coolshell.cn/articles/4561.html
Facebook 的系统架构,2011-04-25T13:39:26+08:00,https://coolshell.cn/articles/4549.html
一些软件设计的原则,2011-04-25T08:24:18+08:00,https://coolshell.cn/articles/4535.html
再谈“我是怎么招聘程序员的”（上）,2011-04-20T08:36:55+08:00,https://coolshell.cn/articles/4506.html
再谈“我是怎么招聘程序员的”（下）,2011-04-20T08:35:07+08:00,https://coolshell.cn/articles/4490.html
BT雷人的程序语言（大全）,2011-04-13T08:34:50+08:00,https://coolshell.cn/articles/4458.html
面试题：火车运煤问题,2011-04-11T09:01:31+08:00,https://coolshell.cn/articles/4429.html
Eclipse开发Android应用程序入门:重装上阵,2011-04-08T08:30:09+08:00,https://coolshell.cn/articles/4334.html
Eclipse开发Android应用程序入门,2011-04-07T16:40:36+08:00,https://coolshell.cn/articles/4270.html
程序员的谎谬之言还是至理名言？,2011-04-07T10:08:59+08:00,https://coolshell.cn/articles/4235.html
JavaMail使用,2011-04-06T23:05:39+08:00,https://coolshell.cn/articles/4261.html
一些有意思的文章和资源,2011-04-06T08:47:40+08:00,https://coolshell.cn/articles/4220.html
我有一个Hello World的C++程序编译不过,2011-04-02T14:33:57+08:00,https://coolshell.cn/articles/4170.html
又一个有趣的面试题,2011-04-02T11:22:03+08:00,https://coolshell.cn/articles/4162.html
WSDL 1.1 中文规范,2011-04-01T08:30:21+08:00,https://coolshell.cn/articles/4131.html
如何学好C++语言,2011-03-30T08:50:17+08:00,https://coolshell.cn/articles/4119.html
如何学好C语言,2011-03-29T10:25:20+08:00,https://coolshell.cn/articles/4102.html
纯文本配置还是注册表,2011-03-28T08:42:10+08:00,https://coolshell.cn/articles/4077.html
Fix Bug的五个阶段,2011-03-24T08:34:43+08:00,https://coolshell.cn/articles/4045.html
程序员那些悲催的事儿,2011-03-22T08:55:30+08:00,https://coolshell.cn/articles/3980.html
“火柴棍式”程序员面试题,2011-03-21T08:28:31+08:00,https://coolshell.cn/articles/3961.html
可视化的排序过程,2011-03-18T08:42:56+08:00,https://coolshell.cn/articles/3933.html
计算机专业学生的大学生活,2011-03-17T17:55:38+08:00,https://coolshell.cn/articles/3928.html
中国仍是IE6的重灾区,2011-03-10T08:41:05+08:00,https://coolshell.cn/articles/3921.html
Google图片搜索下的的C String,2011-03-04T12:40:40+08:00,https://coolshell.cn/articles/3806.html
一些有意思的贴子和工具,2011-03-04T08:25:39+08:00,https://coolshell.cn/articles/3903.html
另类UX让你输入强口令,2011-03-03T09:26:41+08:00,https://coolshell.cn/articles/3877.html
WordPress是怎么赢的？,2011-02-23T08:25:32+08:00,https://coolshell.cn/articles/3716.html
你会问问题吗？,2011-02-22T08:40:49+08:00,https://coolshell.cn/articles/3713.html
提高编程技能最有效的方法,2011-02-21T08:31:03+08:00,https://coolshell.cn/articles/3698.html
预发布环境,Tag发布机制和可重复的部署过程,2011-02-20T15:28:59+08:00,https://coolshell.cn/articles/3709.html
欢迎攻击酷壳,2011-02-17T10:03:28+08:00,https://coolshell.cn/articles/3686.html
Web开发人员速查卡,2011-02-16T18:59:06+08:00,https://coolshell.cn/articles/3684.html
为啥搞电脑的会有这么多空闲时间？,2011-02-12T18:03:11+08:00,https://coolshell.cn/articles/3672.html
TDD并不是看上去的那么美,2011-02-12T08:48:16+08:00,https://coolshell.cn/articles/3649.html
GDB中应该知道的几个调试方法,2011-02-10T09:34:08+08:00,https://coolshell.cn/articles/3643.html
Error handling in Egypt,2011-02-09T08:45:03+08:00,https://coolshell.cn/articles/3630.html
那些炒作过度的技术和概念,2011-01-28T10:00:52+08:00,https://coolshell.cn/articles/3609.html
为什么中国的网页设计那么烂？,2011-01-28T08:47:14+08:00,https://coolshell.cn/articles/3605.html
如何“加密”你的email地址,2011-01-27T13:03:06+08:00,https://coolshell.cn/articles/3595.html
SOAP的S是Simple,2011-01-27T08:47:56+08:00,https://coolshell.cn/articles/3585.html
C语言函数实现的另类方法,2011-01-26T13:38:20+08:00,https://coolshell.cn/articles/3572.html
一段Javascript的代码,2011-01-26T08:39:39+08:00,https://coolshell.cn/articles/3540.html
食客还是大厨,2011-01-25T08:46:45+08:00,https://coolshell.cn/articles/3589.html
Android将允许纯C/C++开发应用,2011-01-24T08:39:50+08:00,https://coolshell.cn/articles/3549.html
HTML5 logo 发布,2011-01-23T08:47:19+08:00,https://coolshell.cn/articles/3561.html
64位平台C/C++开发注意事项,2011-01-21T08:50:49+08:00,https://coolshell.cn/articles/3512.html
JS游戏引擎列表,2011-01-20T10:43:08+08:00,https://coolshell.cn/articles/3516.html
Google 需要性爱,2011-01-19T12:43:00+08:00,https://coolshell.cn/articles/3510.html
信XML，得自信,2011-01-19T08:49:48+08:00,https://coolshell.cn/articles/3498.html
一些有意思的网站和贴子,2011-01-18T08:53:24+08:00,https://coolshell.cn/articles/3480.html
Linux的cycle日历（你懂的）,2011-01-17T08:42:09+08:00,https://coolshell.cn/articles/3489.html
图解SQL的Join,2011-01-11T08:44:09+08:00,https://coolshell.cn/articles/3463.html
Sony PS3 Root Key 被破解,2011-01-10T09:02:28+08:00,https://coolshell.cn/articles/3453.html
输出从1到1000的数,2011-01-07T08:55:32+08:00,https://coolshell.cn/articles/3445.html
一些杂项资源,2010-12-31T13:00:00+08:00,https://coolshell.cn/articles/3437.html
6个有用的MySQL语句,2010-12-31T08:29:35+08:00,https://coolshell.cn/articles/3433.html
几个在线颜色选择器,2010-11-25T10:44:56+08:00,https://coolshell.cn/articles/3314.html
几篇技术文章,2010-11-25T09:04:54+08:00,https://coolshell.cn/articles/3311.html
Jeff Dean的Stanford演讲,2010-11-22T09:07:36+08:00,https://coolshell.cn/articles/3301.html
版本管理器的发展史,2010-11-17T08:50:48+08:00,https://coolshell.cn/articles/3288.html
架构师给程序员的一封信,2010-11-16T09:12:04+08:00,https://coolshell.cn/articles/3281.html
超强的验证码,2010-11-08T18:36:50+08:00,https://coolshell.cn/articles/3277.html
两本电子书,2010-11-08T11:47:09+08:00,https://coolshell.cn/articles/3270.html
游戏Flash vs HTML5,2010-11-05T11:16:25+08:00,https://coolshell.cn/articles/3267.html
C++的字符串格式化库,2010-11-02T08:59:06+08:00,https://coolshell.cn/articles/3258.html
一个人脸识别的Javascript,2010-11-01T08:57:53+08:00,https://coolshell.cn/articles/3254.html
Go语言的”Issue 9″ Closed!,2010-10-12T15:34:02+08:00,https://coolshell.cn/articles/3156.html
主流文本编辑器学习曲线,2010-10-12T08:55:42+08:00,https://coolshell.cn/articles/3125.html
Javascript向量图Lib–Raphaël,2010-10-12T08:21:37+08:00,https://coolshell.cn/articles/3107.html
编程语言进化,2010-10-11T09:18:27+08:00,https://coolshell.cn/articles/3100.html
Windows的达尔文进化图,2010-10-11T08:56:40+08:00,https://coolshell.cn/articles/3097.html
Google未公开API：转MAC地址为经纬度,2010-10-09T15:28:13+08:00,https://coolshell.cn/articles/3089.html
三个教程,2010-10-09T14:06:21+08:00,https://coolshell.cn/articles/3083.html
Kick Ass小游戏,2010-10-08T14:06:08+08:00,https://coolshell.cn/articles/3070.html
40个很不错的CSS技术,2010-10-08T08:04:46+08:00,https://coolshell.cn/articles/3063.html
面向对象是个骗局？！,2010-09-29T08:37:54+08:00,https://coolshell.cn/articles/3036.html
你准备使用 HTML 5 吗？,2010-09-09T14:27:06+08:00,https://coolshell.cn/articles/2926.html
Did You Know?,2010-09-06T23:08:53+08:00,https://coolshell.cn/articles/2917.html
消费者的消费观,2010-09-03T17:13:43+08:00,https://coolshell.cn/articles/2913.html
一些鲜为人知的编程事实,2010-09-03T08:55:37+08:00,https://coolshell.cn/articles/2909.html
实用Android开发工具和资源精选,2010-08-26T08:43:01+08:00,https://coolshell.cn/articles/2853.html
使用grep恢复被删文件内容,2010-08-24T08:56:24+08:00,https://coolshell.cn/articles/2822.html
史上最烂的超级玛丽,2010-08-23T15:20:21+08:00,https://coolshell.cn/articles/2834.html
两个教程：Socket和HTML5,2010-08-23T10:47:28+08:00,https://coolshell.cn/articles/2829.html
程序员版的凡客,2010-08-12T15:24:48+08:00,https://coolshell.cn/articles/2806.html
C技巧：结构体参数转成不定参数,2010-08-10T08:24:52+08:00,https://coolshell.cn/articles/2801.html
JS1K 演示,2010-08-09T13:51:37+08:00,https://coolshell.cn/articles/2785.html
微软最囧的UI,2010-08-09T08:36:47+08:00,https://coolshell.cn/articles/2792.html
免费电子书列表,2010-08-04T18:37:59+08:00,https://coolshell.cn/articles/2775.html
最佳编程语录,2010-08-02T08:15:45+08:00,https://coolshell.cn/articles/2753.html
五种应该避免的代码注释,2010-07-28T08:48:15+08:00,https://coolshell.cn/articles/2746.html
HTML5 和 Flash 之争,2010-07-27T08:00:04+08:00,https://coolshell.cn/articles/2735.html
计算机编程简史图,2010-07-26T07:54:16+08:00,https://coolshell.cn/articles/2724.html
苹果开发工具Xcode 4 第二预览版,2010-07-23T17:40:00+08:00,https://coolshell.cn/articles/2719.html
检查素数的正则表达式,2010-07-23T08:22:27+08:00,https://coolshell.cn/articles/2704.html
Kent Beck 谈单元测试和持续部署,2010-07-22T08:00:23+08:00,https://coolshell.cn/articles/2681.html
在Javascript里写Python,2010-07-21T08:17:39+08:00,https://coolshell.cn/articles/2688.html
.NET代码转换器,2010-07-20T10:24:22+08:00,https://coolshell.cn/articles/2672.html
浏览器正则表达式检查插件,2010-07-20T08:10:40+08:00,https://coolshell.cn/articles/2667.html
五大基于JVM的脚本语言,2010-07-19T19:40:42+08:00,https://coolshell.cn/articles/2631.html
为什么敏捷方法能在软件开发中行之有效？,2010-07-18T10:28:25+08:00,https://coolshell.cn/articles/2622.html
五个方法成为更好的程序员,2010-07-15T07:53:16+08:00,https://coolshell.cn/articles/2606.html
五个编程语言设计的失误,2010-07-14T08:38:34+08:00,https://coolshell.cn/articles/2598.html
Google App Inventor,2010-07-13T16:37:06+08:00,https://coolshell.cn/articles/2608.html
十个免费的Web压力测试工具,2010-07-13T08:50:40+08:00,https://coolshell.cn/articles/2589.html
一些重要的算法,2010-07-12T08:27:38+08:00,https://coolshell.cn/articles/2583.html
Web版的VNC,2010-07-11T12:18:19+08:00,https://coolshell.cn/articles/2593.html
如何在低速率网络中测试 Web 应用,2010-07-09T08:00:14+08:00,https://coolshell.cn/articles/2574.html
Eclipse 3.6 （Helios）新特性,2010-07-07T08:30:14+08:00,https://coolshell.cn/articles/2554.html
参透软件开发的本质 – Uncle Bob Martin 推荐的经典书籍,2010-07-05T08:30:29+08:00,https://coolshell.cn/articles/2539.html
StackOverflow的404错误页,2010-06-25T08:35:41+08:00,https://coolshell.cn/articles/2529.html
几个Web的资源,2010-06-24T08:35:32+08:00,https://coolshell.cn/articles/2524.html
面试题：布尔变量,2010-06-23T08:50:24+08:00,https://coolshell.cn/articles/2514.html
伦敦地铁实时图,2010-06-23T08:24:06+08:00,https://coolshell.cn/articles/2520.html
2000年的iMac和2010年的iPhone,2010-06-22T08:22:01+08:00,https://coolshell.cn/articles/2507.html
信XML，得永生！,2010-06-09T08:27:42+08:00,https://coolshell.cn/articles/2504.html
把Flash转成Javascript/HTML5,2010-06-03T08:29:18+08:00,https://coolshell.cn/articles/2497.html
WTF Javascript,2010-06-02T09:51:49+08:00,https://coolshell.cn/articles/2492.html
四个流行的Java连接池,2010-06-02T09:31:12+08:00,https://coolshell.cn/articles/2483.html
说服他人的5种技巧 – Guy Kawasaki,2010-05-23T08:20:17+08:00,https://coolshell.cn/articles/2460.html
（麻省理工免费课程）C语言内存管理和C++面向对象编程,2010-05-23T08:15:05+08:00,https://coolshell.cn/articles/2474.html
Google吃豆游戏Logo的源码,2010-05-22T23:42:10+08:00,https://coolshell.cn/articles/2466.html
Twitter的禁用口令,2010-05-20T08:58:44+08:00,https://coolshell.cn/articles/2451.html
黑客的价值观,2010-05-19T08:50:50+08:00,https://coolshell.cn/articles/2439.html
碰触，合作和团队绩效,2010-05-19T08:40:39+08:00,https://coolshell.cn/articles/2440.html
如何管理并设计你的口令,2010-05-18T08:42:41+08:00,https://coolshell.cn/articles/2428.html
十条不错的编程观点,2010-05-14T08:50:24+08:00,https://coolshell.cn/articles/2424.html
老手是这样教新手编程的,2010-05-13T08:43:19+08:00,https://coolshell.cn/articles/2420.html
HTML 安全列表,2010-05-12T08:57:38+08:00,https://coolshell.cn/articles/2416.html
写HTML和CSS的新方法,2010-05-11T08:18:19+08:00,https://coolshell.cn/articles/2406.html
新手该学哪门编程语言,2010-05-10T08:46:42+08:00,https://coolshell.cn/articles/2402.html
九个PHP很有用的功能,2010-05-06T08:37:49+08:00,https://coolshell.cn/articles/2394.html
McAfee误杀svchost.exe,2010-04-23T08:45:21+08:00,https://coolshell.cn/articles/2376.html
谷歌Chrome取消”http://”,2010-04-22T11:12:24+08:00,https://coolshell.cn/articles/2367.html
两个C++的资源,2010-04-19T09:17:19+08:00,https://coolshell.cn/articles/2365.html
MSDN中的两个命名,2010-04-19T08:45:12+08:00,https://coolshell.cn/articles/2363.html
一个jQuery的插件,2010-04-14T13:42:36+08:00,https://coolshell.cn/articles/2357.html
telnet的一个Bug,2010-04-14T09:10:20+08:00,https://coolshell.cn/articles/2352.html
Unix传奇(上篇),2010-04-09T08:45:27+08:00,https://coolshell.cn/articles/2322.html
Unix传奇(下篇),2010-04-09T08:44:57+08:00,https://coolshell.cn/articles/2324.html
史上最糟糕的网站,2010-04-07T09:35:00+08:00,https://coolshell.cn/articles/2313.html
微软的安全补丁分析,2010-04-06T08:42:44+08:00,https://coolshell.cn/articles/2305.html
Google居然在阻止人们自杀？,2010-04-01T12:57:29+08:00,https://coolshell.cn/articles/2296.html
C++ 程序员自信心曲线图,2010-04-01T09:02:15+08:00,https://coolshell.cn/articles/2287.html
又一个Javascript试验田,2010-03-31T12:41:32+08:00,https://coolshell.cn/articles/2276.html
Emacs配色在线生成器,2010-03-31T09:15:19+08:00,https://coolshell.cn/articles/2271.html
【问题】传球问题,2009-12-20T17:41:11+08:00,https://coolshell.cn/articles/1976.html
一个“精湛”的JS程序,2009-12-18T17:20:44+08:00,https://coolshell.cn/articles/1973.html
Java异常另类手册,2009-12-17T16:44:15+08:00,https://coolshell.cn/articles/1970.html
纯CSS做的3D效果,2009-12-16T14:04:32+08:00,https://coolshell.cn/articles/1962.html
Web程序的最佳测试数据,2009-12-15T15:50:35+08:00,https://coolshell.cn/articles/1957.html
Java读写Excel,2009-12-15T09:36:21+08:00,https://coolshell.cn/articles/1954.html
Web中的省略号,2009-12-15T08:43:59+08:00,https://coolshell.cn/articles/1949.html
程序员的相关笑话（二）,2009-12-14T12:10:44+08:00,https://coolshell.cn/articles/1941.html
哥是玩程序的,2009-12-14T08:35:31+08:00,https://coolshell.cn/articles/1932.html
如何使用Python操作摄像头,2009-12-11T14:10:30+08:00,https://coolshell.cn/articles/1928.html
Javascript 曲线表作图库,2009-12-11T13:44:45+08:00,https://coolshell.cn/articles/1924.html
UI的恶梦,2009-12-09T16:04:26+08:00,https://coolshell.cn/articles/1907.html
程序员的相关笑话（一）,2009-12-07T08:12:16+08:00,https://coolshell.cn/articles/1903.html
Visual Studio的Vim插件,2009-12-04T09:55:58+08:00,https://coolshell.cn/articles/1901.html
我是怎么招聘程序员的,2009-12-02T08:53:36+08:00,https://coolshell.cn/articles/1870.html
SQL的Where语句,2009-12-01T13:48:25+08:00,https://coolshell.cn/articles/1889.html
Coderun.com 在线开发IDE,2009-12-01T13:41:12+08:00,https://coolshell.cn/articles/1883.html
Javascript程序员嘴最脏??,2009-11-30T08:16:54+08:00,https://coolshell.cn/articles/1850.html
编程语言时间地理图,2009-11-30T07:33:04+08:00,https://coolshell.cn/articles/1863.html
C 语言整型谜题,2009-11-29T00:45:17+08:00,https://coolshell.cn/articles/1857.html
MySQL性能优化的最佳20+条经验,2009-11-27T18:57:33+08:00,https://coolshell.cn/articles/1846.html
编程语言汽车,2009-11-24T18:24:22+08:00,https://coolshell.cn/articles/1839.html
Eclipse 和 Vim,2009-11-23T09:07:40+08:00,https://coolshell.cn/articles/1837.html
IE6/IE7 0day 漏洞,2009-11-23T00:52:14+08:00,https://coolshell.cn/articles/1835.html
正则表达式生成器,2009-11-20T09:12:17+08:00,https://coolshell.cn/articles/1830.html
几个有趣的404错误页面,2009-11-19T14:46:54+08:00,https://coolshell.cn/articles/1826.html
C语言和sh脚本的杂交代码,2009-11-19T13:47:51+08:00,https://coolshell.cn/articles/1824.html
9个最常见IE的Bug及其fix,2009-11-17T15:33:02+08:00,https://coolshell.cn/articles/1817.html
在上班的时候浏览不相干网页,2009-11-16T13:19:53+08:00,https://coolshell.cn/articles/1808.html
超强：Unix道德经(英文版),2009-11-16T09:30:26+08:00,https://coolshell.cn/articles/1794.html
程序语言性能比拼,2009-11-16T08:20:17+08:00,https://coolshell.cn/articles/1788.html
Go语言更名Issue 9？,2009-11-13T13:37:11+08:00,https://coolshell.cn/articles/1781.html
Go语言源码的一个改动,2009-11-12T08:31:25+08:00,https://coolshell.cn/articles/1761.html
Go 语言：Google 的新编程语言,2009-11-11T18:01:20+08:00,https://coolshell.cn/articles/1751.html
恐怖的C++语言,2009-11-11T12:06:25+08:00,https://coolshell.cn/articles/1724.html
Firefox插件WebMail Notifier,2009-11-11T11:36:20+08:00,https://coolshell.cn/articles/1714.html
橡皮鸭程序调试法,2009-11-10T18:00:06+08:00,https://coolshell.cn/articles/1719.html
别的程序员是怎么读你的简历的,2009-11-09T10:22:23+08:00,https://coolshell.cn/articles/1695.html
给我一个序列号,2009-11-09T08:01:04+08:00,https://coolshell.cn/articles/1693.html
把ASCII图转成图片,2009-11-08T00:20:03+08:00,https://coolshell.cn/articles/1684.html
Vim的分屏功能,2009-11-07T11:39:53+08:00,https://coolshell.cn/articles/1679.html
13个不错的Javascript和CSS的菜单,2009-11-04T19:23:04+08:00,https://coolshell.cn/articles/1660.html
VIM有趣的命令,2009-11-04T19:05:22+08:00,https://coolshell.cn/articles/1651.html
Richard Feynman, 挑战者号, 软件工程,2009-11-04T16:49:30+08:00,https://coolshell.cn/articles/1654.html
装完Ubuntu 9.10后要干的事,2009-10-30T19:10:47+08:00,https://coolshell.cn/articles/1644.html
文件备份的几个简单命令,2009-10-30T15:16:20+08:00,https://coolshell.cn/articles/1640.html
ldd 的一个安全问题,2009-10-28T00:15:46+08:00,https://coolshell.cn/articles/1626.html
Windows 7 的新粉丝 Linus Torvalds,2009-10-23T14:21:50+08:00,https://coolshell.cn/articles/1619.html
Ajax开发利器UIzard,2009-10-22T23:40:30+08:00,https://coolshell.cn/articles/1611.html
Javascript的两本书,2009-10-22T23:12:25+08:00,https://coolshell.cn/articles/1608.html
[推荐]基于Mac的Port工具Fink,2009-10-19T19:06:41+08:00,https://coolshell.cn/articles/1592.html
Bug 和 Icon 搜索引擎,2009-10-15T10:55:02+08:00,https://coolshell.cn/articles/1582.html
一张关于操作系统的图,2009-10-15T10:44:53+08:00,https://coolshell.cn/articles/1579.html
bash 函数级重定向,2009-10-14T23:47:25+08:00,https://coolshell.cn/articles/1574.html
程序员小抄大全,2009-10-13T22:26:30+08:00,https://coolshell.cn/articles/1566.html
Google Maps API用法教程,2009-10-13T15:41:23+08:00,https://coolshell.cn/articles/1561.html
使用Flex Bison 和LLVM编写自己的编译器,2009-10-12T12:47:18+08:00,https://coolshell.cn/articles/1547.html
用脚本实现哄小孩睡觉,2009-10-12T10:05:38+08:00,https://coolshell.cn/articles/1539.html
到处都是Unix的胎记,2009-10-11T18:01:06+08:00,https://coolshell.cn/articles/1532.html
图片搜索引擎优化Checklist,2009-10-11T11:17:01+08:00,https://coolshell.cn/articles/1528.html
GDB 7.0 发布,2009-10-09T16:39:16+08:00,https://coolshell.cn/articles/1525.html
mochiweb参数化模型Req相关功能,2009-09-30T20:00:34+08:00,https://coolshell.cn/articles/1516.html
高科技：GDB回溯调试,2009-09-28T17:14:08+08:00,https://coolshell.cn/articles/1502.html
算法和数据结构词典,2009-09-28T11:33:35+08:00,https://coolshell.cn/articles/1499.html
TCP网络关闭的状态变换时序图,2009-09-27T16:11:19+08:00,https://coolshell.cn/articles/1484.html
非常简单的Python HTTP服务,2009-09-27T11:34:10+08:00,https://coolshell.cn/articles/1480.html
CentOS上php的问题及Selinux安全设置,2009-09-26T09:00:54+08:00,https://coolshell.cn/articles/1462.html
微软在从Google赢取搜索引擎市场份额,2009-09-22T23:01:50+08:00,https://coolshell.cn/articles/1457.html
C++的std::string的“读时也拷贝”技术！,2009-09-19T21:19:33+08:00,https://coolshell.cn/articles/1443.html
WebTTY！太酷了！,2009-09-19T10:56:09+08:00,https://coolshell.cn/articles/1441.html
Alice梦游UNIX仙境,2009-09-19T10:33:00+08:00,https://coolshell.cn/articles/1439.html
编译vim解决中文支持,2009-09-19T08:47:04+08:00,https://coolshell.cn/articles/1432.html
Oracle的战书！,2009-09-11T16:24:47+08:00,https://coolshell.cn/articles/1426.html
8个实用而有趣Bash命令提示行,2009-09-07T17:44:22+08:00,https://coolshell.cn/articles/1399.html
编程真难啊,2009-09-03T22:24:57+08:00,https://coolshell.cn/articles/1391.html
十个Web开发文章和教程,2009-08-31T17:18:41+08:00,https://coolshell.cn/articles/1387.html
如何调试bash脚本,2009-08-31T15:53:40+08:00,https://coolshell.cn/articles/1379.html
初学C#编程的注意事项,2009-08-31T12:15:05+08:00,https://coolshell.cn/articles/1375.html
谁写了Linux,2009-08-25T19:36:19+08:00,https://coolshell.cn/articles/1360.html
Unix Pipes 管道原稿,2009-08-25T00:17:11+08:00,https://coolshell.cn/articles/1351.html
Unicode字符预览表,2009-08-24T23:45:36+08:00,https://coolshell.cn/articles/1331.html
Erlang和Python互通,2009-08-24T22:30:49+08:00,https://coolshell.cn/articles/1313.html
在线代码编译服务Codepad.org,2009-08-23T20:14:44+08:00,https://coolshell.cn/articles/1310.html
Code Review中的几个提示,2009-08-20T23:49:49+08:00,https://coolshell.cn/articles/1302.html
科技公司十大最愚蠢的错误,2009-08-19T23:17:20+08:00,https://coolshell.cn/articles/1295.html
Linus Torvalds 语录 Top 10,2009-08-16T14:56:25+08:00,https://coolshell.cn/articles/1278.html
Linux基金会的广告,2009-08-16T14:00:48+08:00,https://coolshell.cn/articles/1283.html
操作系统航空公司,2009-08-16T12:54:24+08:00,https://coolshell.cn/articles/1272.html
恢复Ext3下被删除的文件,2009-08-14T10:31:48+08:00,https://coolshell.cn/articles/1265.html
你用Linux命令行吗？,2009-08-14T00:19:58+08:00,https://coolshell.cn/articles/1256.html
G1新型垃圾回收器一瞥,2009-08-13T21:54:26+08:00,https://coolshell.cn/articles/1252.html
IE的CSS相关的BUG,2009-08-12T18:47:43+08:00,https://coolshell.cn/articles/1245.html
23,148,855,308,184,500,2009-08-11T17:22:10+08:00,https://coolshell.cn/articles/1242.html
几个有趣的漫画,2009-08-10T18:44:10+08:00,https://coolshell.cn/articles/1234.html
Javascripts加密库,2009-08-10T18:16:29+08:00,https://coolshell.cn/articles/1231.html
简单实用的Code Review工具,2009-08-04T17:09:13+08:00,https://coolshell.cn/articles/1218.html
编程引言补充,2009-07-31T18:27:55+08:00,https://coolshell.cn/articles/1212.html
面试题：赛马问题,2009-07-30T22:35:35+08:00,https://coolshell.cn/articles/1202.html
Python也Spring了,2009-07-30T20:43:12+08:00,https://coolshell.cn/articles/1204.html
GPLv3的在开源社区中的占有量,2009-07-28T17:46:21+08:00,https://coolshell.cn/articles/1197.html
JRuby核心成员投奔Engine Yard,2009-07-28T16:46:36+08:00,https://coolshell.cn/articles/1194.html
一些单元测试的Guideline,2009-07-27T16:24:57+08:00,https://coolshell.cn/articles/1192.html
如何检测浏览器是否支持CSS3,2009-07-24T15:00:02+08:00,https://coolshell.cn/articles/1186.html
15个Web在线WYSIWYG编辑器,2009-07-24T14:32:09+08:00,https://coolshell.cn/articles/1183.html
Internet 技术演变图,2009-07-24T11:51:32+08:00,https://coolshell.cn/articles/1178.html
程序员惯用的解释(Top 25),2009-07-24T11:32:35+08:00,https://coolshell.cn/articles/1174.html
程序员犯的非技术错误(Top 5),2009-07-21T22:24:23+08:00,https://coolshell.cn/articles/1145.html
（免费在线）新书推荐：搜索的用户界面,2009-07-16T21:23:39+08:00,https://coolshell.cn/articles/1163.html
Python 自然语言处理,2009-07-15T22:41:56+08:00,https://coolshell.cn/articles/1157.html
关于 Chrome OS 的一些推论,2009-07-13T01:04:14+08:00,https://coolshell.cn/articles/1152.html
如何在Java中避免equals方法的隐藏陷阱,2009-06-18T11:14:41+08:00,https://coolshell.cn/articles/1051.html
高级Unix命令,2009-06-16T10:42:39+08:00,https://coolshell.cn/articles/1044.html
编程命名中的7+1个提示,2009-06-15T22:36:17+08:00,https://coolshell.cn/articles/1038.html
16个简单实用的.htaccess小贴示,2009-06-14T12:27:09+08:00,https://coolshell.cn/articles/1035.html
Unix 40年：Unix年鉴,2009-06-12T15:32:54+08:00,https://coolshell.cn/articles/1032.html
Unix 40年：昨天，今天和明天,2009-06-11T23:01:39+08:00,https://coolshell.cn/articles/1023.html
优质代码的十诫,2009-06-07T19:20:56+08:00,https://coolshell.cn/articles/1007.html
编程中的命名设计那点事,2009-06-07T16:36:49+08:00,https://coolshell.cn/articles/990.html
编程语言的评测,2009-06-06T22:50:49+08:00,https://coolshell.cn/articles/973.html
质量管理经中的八个法则,2009-06-06T21:41:59+08:00,https://coolshell.cn/articles/971.html
【原创】SQL栏目树的代码,2009-06-05T00:03:13+08:00,https://coolshell.cn/articles/962.html
18个Web开发的IDE,2009-06-04T23:24:17+08:00,https://coolshell.cn/articles/968.html
《Vim Recipes》免费的Vim Cookbook,2009-06-01T15:45:54+08:00,https://coolshell.cn/articles/956.html
C语言的谜题,2009-05-31T17:39:58+08:00,https://coolshell.cn/articles/945.html
最完美的Linux桌面软件,2009-05-31T12:12:44+08:00,https://coolshell.cn/articles/936.html
如何加密/混乱C源代码,2009-05-30T15:30:05+08:00,https://coolshell.cn/articles/933.html
如何比较两个数据表,2009-05-27T23:02:14+08:00,https://coolshell.cn/articles/925.html
20个优秀的Javascript导航技术,2009-05-26T11:33:01+08:00,https://coolshell.cn/articles/918.html
6个变态的C语言Hello World程序,2009-05-25T19:21:24+08:00,https://coolshell.cn/articles/914.html
7个免费强大的Ajax文件管理器,2009-05-24T20:46:56+08:00,https://coolshell.cn/articles/909.html
将vim变得简单:如何在vim中得到你最喜爱的IDE特性,2009-05-23T16:32:05+08:00,https://coolshell.cn/articles/894.html
20非常有用的Java程序片段,2009-05-23T15:09:36+08:00,https://coolshell.cn/articles/889.html
几个有意思的漫画,2009-05-21T23:07:47+08:00,https://coolshell.cn/articles/880.html
一个C的序列化库tpl,2009-05-21T22:54:21+08:00,https://coolshell.cn/articles/878.html
谁说C语言很简单？,2009-05-19T22:10:25+08:00,https://coolshell.cn/articles/873.html
Web设计的速查卡,2009-05-19T21:43:19+08:00,https://coolshell.cn/articles/870.html
语言的歧义,2009-05-17T15:57:59+08:00,https://coolshell.cn/articles/830.html
Linux磁盘使用命令du的改进,2009-05-15T16:41:29+08:00,https://coolshell.cn/articles/822.html
22条经典的编程引言,2009-05-15T12:25:49+08:00,https://coolshell.cn/articles/808.html
关于C++构造函数的FAQ,2009-05-13T22:38:36+08:00,https://coolshell.cn/articles/804.html
电子书：编译器设计基础,2009-05-11T22:20:24+08:00,https://coolshell.cn/articles/799.html
5个不错的3D素材网站,2009-05-11T22:14:47+08:00,https://coolshell.cn/articles/796.html
十个你可能不曾用过的Linux命令,2009-05-10T19:26:09+08:00,https://coolshell.cn/articles/790.html
用TCC可以干些什么？,2009-05-10T15:22:15+08:00,https://coolshell.cn/articles/786.html
十大最失水准的科技预测,2009-05-10T14:45:05+08:00,https://coolshell.cn/articles/783.html
如何知道某网站运行在GAE上,2009-05-06T16:33:52+08:00,https://coolshell.cn/articles/780.html
一个在线的画UML图的网站,2009-05-06T16:16:48+08:00,https://coolshell.cn/articles/776.html
让Ruby增加30%的性能改进,2009-05-05T23:44:55+08:00,https://coolshell.cn/articles/766.html
如何检查网页浏览器的兼容性,2009-05-04T14:57:24+08:00,https://coolshell.cn/articles/757.html
不要拯救那些职场上的“无可救药”,2009-05-03T18:06:26+08:00,https://coolshell.cn/articles/753.html
某Python实现的尾部递归,2009-04-30T08:22:09+08:00,https://coolshell.cn/articles/737.html
Glassfish ESB 的教程,2009-04-29T14:18:27+08:00,https://coolshell.cn/articles/732.html
编程语言流行度排名,2009-04-28T17:44:49+08:00,https://coolshell.cn/articles/706.html
25个Linux相关的网站,2009-04-28T13:33:12+08:00,https://coolshell.cn/articles/701.html
Guido认为程序员大多数工作不需要递归,2009-04-26T19:10:15+08:00,https://coolshell.cn/articles/694.html
你能做对下面这些JavaScript的题吗？,2009-04-26T14:48:51+08:00,https://coolshell.cn/articles/688.html
用Python写NCurses UI,2009-04-26T10:19:41+08:00,https://coolshell.cn/articles/677.html
Python调用C语言函数,2009-04-26T01:29:57+08:00,https://coolshell.cn/articles/671.html
使用PHP的cURL库,2009-04-25T17:12:32+08:00,https://coolshell.cn/articles/664.html
Linux 的僵尸(zombie)进程,2009-04-25T15:28:42+08:00,https://coolshell.cn/articles/656.html
30种时尚的CSS网站导航条,2009-04-17T23:54:46+08:00,https://coolshell.cn/articles/562.html
菜鸟学PHP之Smarty入门,2009-04-17T15:55:09+08:00,https://coolshell.cn/articles/559.html
VI的一些小技巧,2009-04-17T12:45:20+08:00,https://coolshell.cn/articles/556.html
C语言下的错误处理的问题,2009-04-17T12:12:09+08:00,https://coolshell.cn/articles/551.html
有效编程的14件事,2009-04-15T23:12:12+08:00,https://coolshell.cn/articles/546.html
一个显示排序过程的Python脚本,2009-04-15T14:01:45+08:00,https://coolshell.cn/articles/536.html
如何在Google App Engine上运行PHP,2009-04-14T23:00:30+08:00,https://coolshell.cn/articles/531.html
NUI一个跨平台的C++库,2009-04-14T22:35:55+08:00,https://coolshell.cn/articles/528.html
深入浅出CORBA,2009-04-14T20:07:58+08:00,https://coolshell.cn/articles/514.html
未来五年程序员需要掌握的10项技能,2009-04-14T17:26:30+08:00,https://coolshell.cn/articles/511.html
Windows下和程序员相关小工具,2009-04-13T21:47:47+08:00,https://coolshell.cn/articles/506.html
Ubuntu的并行启动,2009-04-13T11:08:03+08:00,https://coolshell.cn/articles/501.html
Python处理中文的时候的一些小技巧,2009-04-12T18:19:04+08:00,https://coolshell.cn/articles/461.html
Python脚本如何对文件通配符匹配,2009-04-12T14:50:26+08:00,https://coolshell.cn/articles/444.html
9个强大免费的PHP库,2009-04-12T12:29:53+08:00,https://coolshell.cn/articles/455.html
Python中实现多属性排序,2009-04-12T09:33:43+08:00,https://coolshell.cn/articles/435.html
程序员需要具备的基本技能,2009-04-11T16:57:44+08:00,https://coolshell.cn/articles/428.html
PDF电子书搜索引擎,2009-04-10T18:09:24+08:00,https://coolshell.cn/articles/424.html
1980年和2009年的1GB电脑内存的比较,2009-04-10T17:24:26+08:00,https://coolshell.cn/articles/410.html
4月14日，微软补丁日,2009-04-10T10:21:37+08:00,https://coolshell.cn/articles/404.html
一个排序算法比较的网站,2009-04-10T09:58:28+08:00,https://coolshell.cn/articles/399.html
十大史上最恶心的操作系统,2009-04-10T00:57:56+08:00,https://coolshell.cn/articles/394.html
笔记本电脑的发展史,2009-04-08T23:02:59+08:00,https://coolshell.cn/articles/378.html
RFC1 40岁生日,2009-04-08T21:44:01+08:00,https://coolshell.cn/articles/373.html
35个强大的UI设计教程,2009-04-07T17:02:42+08:00,https://coolshell.cn/articles/363.html
Linux C 编程一站式学习,2009-04-07T13:47:49+08:00,https://coolshell.cn/articles/360.html
20本最好的Linux免费书籍,2009-04-06T20:22:35+08:00,https://coolshell.cn/articles/355.html
程序员的八个级别,2009-04-06T18:23:11+08:00,https://coolshell.cn/articles/343.html
惹恼程序员的十件事,2009-04-06T12:04:01+08:00,https://coolshell.cn/articles/340.html
超过100本的linux免费书籍,2009-04-02T10:49:19+08:00,https://coolshell.cn/articles/336.html
2009年脚本语言排名,2009-04-01T17:25:03+08:00,https://coolshell.cn/articles/325.html
Linux的“宕机”图片,2009-04-01T14:00:39+08:00,https://coolshell.cn/articles/313.html
十个最好的PDF生成库,2009-04-01T00:00:23+08:00,https://coolshell.cn/articles/309.html
OSGi和Java企业级运算的未来方向,2009-03-29T15:50:47+08:00,https://coolshell.cn/articles/294.html
雷人的程序注释,2009-03-27T00:58:43+08:00,https://coolshell.cn/articles/290.html
深入浅出单实例Singleton设计模式,2009-03-26T16:04:43+08:00,https://coolshell.cn/articles/265.html
基于JVM的语言正在开始流行,2009-03-26T10:41:59+08:00,https://coolshell.cn/articles/247.html
全球IP地址数据库,2009-03-25T17:59:52+08:00,https://coolshell.cn/articles/244.html
非常不错的编程技术教程,2009-03-25T13:52:48+08:00,https://coolshell.cn/articles/240.html
C++和JAVA传统中积极的一面,2009-03-22T21:29:39+08:00,https://coolshell.cn/articles/209.html
优秀程序员的十个习惯,2009-03-22T11:34:08+08:00,https://coolshell.cn/articles/222.html
一位离开Google的设计师离职感言的读后感,2009-03-21T21:47:05+08:00,https://coolshell.cn/articles/208.html
IBM收购Sun，这是一种什么样的精神？,2009-03-19T00:10:42+08:00,https://coolshell.cn/articles/203.html
20 你应该知道的PHP库,2009-03-18T21:01:08+08:00,https://coolshell.cn/articles/200.html
Linux 相关的资源站makelinux.net,2009-03-16T22:51:47+08:00,https://coolshell.cn/articles/194.html
Linux的15岁生日,2009-03-15T11:47:51+08:00,https://coolshell.cn/articles/189.html
OMG, Jave的JMenu居然有433个方法,2009-03-14T20:49:04+08:00,https://coolshell.cn/articles/182.html
OMG, Windows 7 来自未来,2009-03-14T20:34:33+08:00,https://coolshell.cn/articles/179.html
幽默：程序员的进化,2009-03-14T17:26:27+08:00,https://coolshell.cn/articles/172.html
Hello World 集中营,2009-03-14T17:06:54+08:00,https://coolshell.cn/articles/169.html
【引文】如何用Python往Google Spreadsheet上写数据,2009-03-02T16:03:03+08:00,https://coolshell.cn/articles/37.html
资源推荐: Google Code University,2009-03-02T15:27:29+08:00,https://coolshell.cn/articles/35.html
读后感：房间里的大象：Google文化成为主导,2009-03-02T15:26:23+08:00,https://coolshell.cn/articles/33.html
读后感：真正编程的力量,2009-03-02T14:03:15+08:00,https://coolshell.cn/articles/29.html
如何自己写一个网络爬虫,2009-03-02T14:02:03+08:00,https://coolshell.cn/articles/27.html
如何上网觅无踪,2009-03-02T14:00:43+08:00,https://coolshell.cn/articles/25.html
Fork 系统炸弹,2009-03-02T13:59:49+08:00,https://coolshell.cn/articles/23.html
101个设计模式,2009-03-02T13:59:03+08:00,https://coolshell.cn/articles/21.html
时间1234567890,2009-03-02T13:51:06+08:00,https://coolshell.cn/articles/19.html
结对编程的利与弊,2009-03-02T13:48:59+08:00,https://coolshell.cn/articles/16.html
Java书籍Top 10,2009-03-02T13:43:06+08:00,https://coolshell.cn/articles/14.html
PHP v5.3的新鲜玩意,2009-03-02T13:40:50+08:00,https://coolshell.cn/articles/11.html
你应该知道的20个Ajax技术(11-20),2009-03-02T13:36:00+08:00,https://coolshell.cn/articles/9.html
你应该知道的20个Ajax技术(01-10),2009-03-02T13:34:46+08:00,https://coolshell.cn/articles/7.html
Java EE6 初探,2009-03-02T13:33:45+08:00,https://coolshell.cn/articles/5.html
50套Web开发图标,2009-03-02T13:31:43+08:00,https://coolshell.cn/articles/3.html
C++ 对象的内存布局,2008-10-15T09:32:16+08:00,https://coolshell.cn/articles/12176.html
C++ 虚函数表解析,2007-12-18T09:08:02+08:00,https://coolshell.cn/articles/12165.html
C/C++返回内部静态成员的陷阱,2006-11-16T10:12:11+08:00,https://coolshell.cn/articles/12192.html
C++ STL string的Copy-On-Write技术,2004-06-23T10:36:50+08:00,https://coolshell.cn/articles/12199.html
10个基于Ajax的PHP Webmail客户端,2009-03-13T17:16:30+08:00,https://coolshell.cn/articles/154.html
Vim命令速查卡,2009-03-13T16:45:26+08:00,https://coolshell.cn/articles/150.html
操作系统图形界面发展史(1981-2009),2009-03-12T17:23:40+08:00,https://coolshell.cn/articles/105.html
版本控制Subversion相关资源,2009-03-11T22:16:26+08:00,https://coolshell.cn/articles/93.html
十个开源的Javascript框架,2009-03-11T21:48:27+08:00,https://coolshell.cn/articles/91.html
Linux Distribution Timeline,2009-03-10T21:20:22+08:00,https://coolshell.cn/articles/85.html
怎样做一个 Program Manager,2009-03-10T15:50:31+08:00,https://coolshell.cn/articles/76.html
几个你可能从来没有用过的HTML标识,2009-03-09T20:54:14+08:00,https://coolshell.cn/articles/67.html
Linux 命令速查,2009-03-08T20:57:41+08:00,https://coolshell.cn/articles/64.html
80个优秀的AJAX方案,2009-03-07T09:20:20+08:00,https://coolshell.cn/articles/57.html
MySQL: InnoDB 还是 MyISAM?,2009-04-24T14:33:09+08:00,https://coolshell.cn/articles/652.html
22个不错的CSS技术,2009-04-24T00:13:30+08:00,https://coolshell.cn/articles/648.html
Java如何取源文件中文件名和行号,2009-04-22T15:00:49+08:00,https://coolshell.cn/articles/611.html
早期XML Schema中的open content模型,2009-04-22T13:04:41+08:00,https://coolshell.cn/articles/604.html
Google 三维 JavaScript API 发布,2009-04-22T12:01:41+08:00,https://coolshell.cn/articles/599.html
Oracle成功收购Sun,2009-04-21T00:10:48+08:00,https://coolshell.cn/articles/595.html
免费电子书：Ruby Complete,2009-04-20T23:14:58+08:00,https://coolshell.cn/articles/591.html
5个不错的Flash的英文教程网,2009-04-20T12:34:43+08:00,https://coolshell.cn/articles/585.html
使用Google API做统计图,2009-04-20T12:09:31+08:00,https://coolshell.cn/articles/582.html
Linux设备驱动Hello World程序介绍,2009-04-18T01:19:52+08:00,https://coolshell.cn/articles/566.html
BT雷人的程序语言,2009-07-12T11:07:03+08:00,https://coolshell.cn/articles/1142.html
整洁代码的4个提示,2009-07-05T22:09:01+08:00,https://coolshell.cn/articles/1095.html
与Martin Fowler关于敏捷方法的问答,2009-07-05T10:15:01+08:00,https://coolshell.cn/articles/1113.html
Java构造时成员初始化的陷阱,2009-07-03T14:31:49+08:00,https://coolshell.cn/articles/1106.html
漫画：程序员的一生,2009-06-30T16:57:30+08:00,https://coolshell.cn/articles/1103.html
Ksplice Uptrack — Ubuntu更新不用重启,2009-06-30T10:53:44+08:00,https://coolshell.cn/articles/1097.html
Top 200的全球开发者BLOG,2009-06-30T10:39:49+08:00,https://coolshell.cn/articles/1092.html
22个开源的PHP框架,2009-06-25T11:57:39+08:00,https://coolshell.cn/articles/1086.html
十个让你变成糟糕的程序员的行为,2009-06-24T23:02:36+08:00,https://coolshell.cn/articles/1081.html
Linux/Unix 新手和专家教程,2009-06-21T10:37:53+08:00,https://coolshell.cn/articles/1042.html
分享：我的Reader订阅,2010-02-08T21:47:50+08:00,https://coolshell.cn/articles/2105.html
如何修改微软人体工学键盘的Zoom键,2010-02-07T10:08:44+08:00,https://coolshell.cn/articles/2097.html
分享：我是如何使用Google Reader的,2010-02-07T09:35:01+08:00,https://coolshell.cn/articles/2091.html
iPad进化图,2010-02-06T10:53:27+08:00,https://coolshell.cn/articles/2086.html
Python程序员的进化,2010-02-01T17:42:48+08:00,https://coolshell.cn/articles/2082.html
如何防范密码被破解,2010-02-01T17:18:36+08:00,https://coolshell.cn/articles/2078.html
一个浏览器市场占有量的图,2010-01-25T14:24:18+08:00,https://coolshell.cn/articles/2069.html
一个Windows 3.1的Web网站,2010-01-25T13:50:02+08:00,https://coolshell.cn/articles/2065.html
各种流行的编程风格,2010-01-22T08:39:24+08:00,https://coolshell.cn/articles/2058.html
最为奇怪的程序语言的特性,2010-01-21T08:16:18+08:00,https://coolshell.cn/articles/2053.html
“21天教你学会C++”,2010-03-30T08:27:27+08:00,https://coolshell.cn/articles/2250.html
JAVA的字符串拼接与性能,2010-03-28T09:42:14+08:00,https://coolshell.cn/articles/2235.html
DEMO Spring 2010 获奖产品,2010-03-28T07:44:21+08:00,https://coolshell.cn/articles/2191.html
别只谈系统备份，谈谈怎样恢复系统吧！,2010-03-25T08:16:20+08:00,https://coolshell.cn/articles/2155.html
BT工作原理演示,2010-03-16T15:09:35+08:00,https://coolshell.cn/articles/2184.html
中国仍然是一个很穷的国家,2010-03-14T20:51:49+08:00,https://coolshell.cn/articles/2179.html
Martin Fowler 在 ThoughtWorks 内部关于版本控制工具的调查,2010-03-13T06:31:02+08:00,https://coolshell.cn/articles/2135.html
Titanium – 桌面和移动应用开发平台,2010-03-10T18:47:43+08:00,https://coolshell.cn/articles/2117.html
erlang打包独立环境,2010-03-04T02:55:13+08:00,https://coolshell.cn/articles/2111.html
Python处理encoding的小技巧,2010-02-08T22:06:00+08:00,https://coolshell.cn/articles/2109.html
给老婆普及计算机知识,2010-10-27T08:48:37+08:00,https://coolshell.cn/articles/3236.html
你和你的工作,2010-10-26T08:54:25+08:00,https://coolshell.cn/articles/3231.html
在线作图编辑服务,2010-10-25T13:02:06+08:00,https://coolshell.cn/articles/3244.html
开发时间估计,2010-10-25T09:49:27+08:00,https://coolshell.cn/articles/3218.html
30+ Web下拉菜单,2010-10-20T14:06:43+08:00,https://coolshell.cn/articles/3207.html
一些非常不错的资料,2010-10-18T09:38:51+08:00,https://coolshell.cn/articles/3192.html
Eclipse和Vim快捷键桌面,2010-10-18T08:23:04+08:00,https://coolshell.cn/articles/3181.html
AES加密算法动画演示,2010-10-15T10:13:00+08:00,https://coolshell.cn/articles/3161.html
用户界面和用户体验的差别,2010-10-14T08:45:02+08:00,https://coolshell.cn/articles/3142.html
chmod -x chmod的N种解法,2010-10-13T08:42:37+08:00,https://coolshell.cn/articles/3136.html
程序员的圣诞节,2010-12-27T08:43:32+08:00,https://coolshell.cn/articles/3429.html
流体力学的演示,2010-12-21T08:49:35+08:00,https://coolshell.cn/articles/3421.html
偷了世界的程序员,2010-12-16T08:39:52+08:00,https://coolshell.cn/articles/3363.html
Facebook全球关系网,2010-12-15T08:47:15+08:00,https://coolshell.cn/articles/3396.html
编程语言流行度,2010-12-13T09:12:56+08:00,https://coolshell.cn/articles/3385.html
五个免费开源的数据挖掘软件,2010-12-13T08:41:11+08:00,https://coolshell.cn/articles/3356.html
140个Google的面试题,2010-12-02T08:44:24+08:00,https://coolshell.cn/articles/3345.html
Groovy是怎么实现createArray的,2010-12-01T14:08:53+08:00,https://coolshell.cn/articles/3335.html
用Google Translate玩转beat box,2010-12-01T10:21:44+08:00,https://coolshell.cn/articles/3331.html
JDK里的设计模式,2010-11-26T08:44:37+08:00,https://coolshell.cn/articles/3320.html
微软用新浪来当反面教材,2011-03-03T08:30:49+08:00,https://coolshell.cn/articles/3872.html
中国的C2C模式,2011-03-02T08:58:17+08:00,https://coolshell.cn/articles/3820.html
破解你的口令,2011-03-02T08:35:48+08:00,https://coolshell.cn/articles/3801.html
如何调试makefile变量,2011-03-01T08:34:38+08:00,https://coolshell.cn/articles/3790.html
打印质数的各种算法,2011-02-28T09:14:10+08:00,https://coolshell.cn/articles/3738.html
（麻省理工免费课程）计算机科学和编程导论,2011-02-28T08:25:07+08:00,https://coolshell.cn/articles/3723.html
敏捷水管工,2011-02-25T08:39:44+08:00,https://coolshell.cn/articles/3778.html
再谈敏捷和ThoughtWorks中国咨询师,2011-02-24T18:23:26+08:00,https://coolshell.cn/articles/3745.html
[转]TDD到底美还是不美？,2011-02-24T15:41:24+08:00,https://coolshell.cn/articles/3766.html
Stack Exchange 的架构,2011-02-23T13:31:04+08:00,https://coolshell.cn/articles/3721.html
一些非常有意思的杂项资源,2010-09-28T08:38:34+08:00,https://coolshell.cn/articles/3013.html
Windows编程革命简史,2010-09-27T08:51:30+08:00,https://coolshell.cn/articles/3008.html
代码重构的一个示例,2010-09-25T08:33:59+08:00,https://coolshell.cn/articles/3005.html
HTML5 小游戏展示,2010-09-21T18:48:51+08:00,https://coolshell.cn/articles/2998.html
编程时间分配图,2010-09-21T08:19:49+08:00,https://coolshell.cn/articles/2990.html
用脚本实现哄宝宝睡觉(Demo),2010-09-20T17:03:27+08:00,https://coolshell.cn/articles/2987.html
代码优化概要,2010-09-20T08:22:31+08:00,https://coolshell.cn/articles/2967.html
25个jQuery的编程小抄,2010-09-19T08:14:12+08:00,https://coolshell.cn/articles/2964.html
Waterfall 软件工程,2010-09-15T08:42:42+08:00,https://coolshell.cn/articles/2941.html
Mozilla的一个BUG,2010-09-14T07:57:12+08:00,https://coolshell.cn/articles/2936.html
C语言结构体里的成员数组和指针,2014-04-01T08:17:15+08:00,https://coolshell.cn/articles/11377.html
无插件Vim编程技巧,2014-03-24T08:25:29+08:00,https://coolshell.cn/articles/11312.html
Python修饰器的函数式编程,2014-03-20T09:50:34+08:00,https://coolshell.cn/articles/11265.html
一个浮点数跨平台产生的问题,2014-03-15T20:44:24+08:00,https://coolshell.cn/articles/11235.html
Java中的CopyOnWrite容器,2014-03-07T08:26:31+08:00,https://coolshell.cn/articles/11175.html
如何用最有创造力的方式输出42,2014-03-06T22:42:42+08:00,https://coolshell.cn/articles/11170.html
由苹果的低级Bug想到的,2014-02-24T08:12:11+08:00,https://coolshell.cn/articles/11112.html
可视化编程,2014-02-22T00:27:10+08:00,https://coolshell.cn/articles/11094.html
从“黑掉Github”学Web安全开发,2014-02-10T08:16:11+08:00,https://coolshell.cn/articles/11021.html
一个“蝇量级” C 语言协程库,2014-01-28T10:50:41+08:00,https://coolshell.cn/articles/10975.html
“第六感装置”的惊人潜力,2010-01-09T12:10:09+08:00,https://coolshell.cn/articles/2047.html
PI小数点位数的新纪录,2010-01-08T08:28:48+08:00,https://coolshell.cn/articles/2043.html
CPU的性价比,2010-01-08T08:09:00+08:00,https://coolshell.cn/articles/2039.html
2010 = 1+2-(3-4-5)*6*7*8-9,2010-01-07T08:22:13+08:00,https://coolshell.cn/articles/2036.html
程序命名的一些提示,2010-01-06T08:24:41+08:00,https://coolshell.cn/articles/1990.html
google的免费dns服务器,2009-12-28T19:03:34+08:00,https://coolshell.cn/articles/2015.html
推荐几个镜像站点,2009-12-27T21:06:26+08:00,https://coolshell.cn/articles/2011.html
粉丝眼中的操作系统,2009-12-24T14:50:46+08:00,https://coolshell.cn/articles/1998.html
程序员眼中的编程语言,2009-12-24T14:31:25+08:00,https://coolshell.cn/articles/1992.html
C语言的演变史,2009-12-21T08:12:10+08:00,https://coolshell.cn/articles/1984.html

